journal_id,Year,Total Citations,Journal Impact Factor,JIF without Self Cites,5 Year Impact Factor,Immediacy Index,Citable Items,% of Articles in Citable Items,Average JIF Percentile,citable_items,article_percent,CEI,post
0028-1042,2025,"1,447",1.7,1.6,2.1,0.595,N/A,96.84,52.5,212,31.13%,-5.64,1
,2024,"1,228",2.1,2,2,0.462,N/A,96.77,59.2,,,-4.15,1
,2023,"1,136",2.1,2.1,2,0.352,N/A,94.23,60.8,,,-3.93,1
,2022,"1,123",1.8,1.8,2.3,0.655,N/A,96.36,39,,,-5.73,1
,2021,"1,173",2.427,2.364,2.645,0.5425,99,93.22,45.27,,,-2.97,1
,2020,954,1.954,1.901,2.344,0.761,46,95.65,42.361,,,-5.17,1
,2019,673,2.09,2.054,1.994,0.323,65,100,52.817,,,-4.68,1
,2018,508,1.839,1.793,1.835,0.439,66,96.97,54.348,,,-5.75,1
,2017,324,1.789,1.727,1.789,0.36,100,99,64.844,,,-5.59,1
,2016,116,1.191,1.132,1.191,0.376,93,97.85,55.469,,,-8.86,1
,2015,"6,357",1.773,1.773,1.935,N/A,0,N/A,72.222,,,-1.78,1
,2014,"6,500",2.098,2.008,2.076,0.361,122,97.54,76.316,,,-0.39,0
,2013,"6,353",1.971,1.888,2.119,0.416,125,98.4,79.091,,,-0.71,0
,2012,"6,213",2.144,2.045,2.391,0.421,121,97.52,79.464,,,0.09,0
,2011,"5,836",2.278,2.159,2.427,0.25,120,95.83,81.25,,,0.44,0
,2010,"5,601",2.25,2.133,2.487,0.496,123,93.5,87.288,,,0.58,0
,2009,"5,672",2.316,2.184,2.646,0.649,154,88.31,85,,,0.87,0
,2008,"4,692",2.126,2.009,2.338,0.39,154,92.21,77.381,,,-0.98,0
,2007,"4,281",1.955,1.828,2.28,0.47,134,88.06,87,,,-1.41,0
