journal_id,journal_name,treat,subject,frequency,oa_status,oa_percent,cap_year,jif_pre,tc_pre
0137-5881,ACTA PHYSIOLOGIAE PLANTARUM,1,PLANT SCIENCES,1,Hybrid,10.91%,2015,1.4792,1816.8
0960-9776,BREAST,1,ONCOLOGY,6,Full OA,100.00%,2016,3.296,5240.2
0360-1323,BUILDING AND ENVIRONMENT,1,ENGINEERING,12,Hybrid,25.32%,2012,1.6744,3421.8
1435-9529,Bulletin of Engineering Geology and the Environment,1,ENGINEERING,12,Hybrid,7.10%,2019,1.5752,1743
0923-2958,CELESTIAL MECHANICS & DYNAMICAL ASTRONOMY,1,ASTRONOMY & ASTROPHYSICS,1,Hybrid,37.82%,2018,1.7966,2265
0391-9714,History and Philosophy of the Life Sciences,1,HISTORY & PHILOSOPHY OF SCIENCE,1,Hybrid,57.14%,2016,0.2957,134
0250-6335,JOURNAL OF ASTROPHYSICS AND ASTRONOMY,1,ASTRONOMY & ASTROPHYSICS,1,Subscription,0.00%,2016,2.432,2605.2
0021-9533,Journal of Cell Science,1,CELL BIOLOGY,24,Hybrid,52.29%,2018,4.859,41985.4
0974-3626,Journal of Chemical Sciences,1,CHEMISTRY,1,Hybrid,0.31%,2019,1.2522,1982.6
0022-1317,JOURNAL OF GENERAL VIROLOGY,1,BIOTECHNOLOGY,12,Hybrid,77.41%,2017,3.1738,19796.4
0022-1333,JOURNAL OF GENETICS,1,GENETICS & HEREDITY,1,Subscription,0.00%,2019,0.9386,1299.8
1408-6980,Journal of International Relations and Development,1,POLITICAL SCIENCE,4,Hybrid,19.72%,2016,0.6533,164.75
0957-4530,JOURNAL OF MATERIALS SCIENCE-MATERIALS IN MEDICINE,1,MATERIALS SCIENCE,1,Full OA,100.00%,2015,2.146,8585.4
0022-2615,JOURNAL OF MEDICAL MICROBIOLOGY,1,MICROBIOLOGY,12,Hybrid,60.56%,2017,2.2478,8291.6
0026-2617,MICROBIOLOGY,1,MICROBIOLOGY,6,Hybrid,6.16%,2017,2.3408,9497.6
1617-416X,MYCOLOGICAL PROGRESS,1,MYCOLOGY,4,Hybrid,34.73%,2015,1.5764,556
0304-4289,PRAMANA-JOURNAL OF PHYSICS,1,PHYSICS,1,Subscription,0.00%,2019,0.749,1916.2
0256-2499,SADHANA-ACADEMY PROCEEDINGS IN ENGINEERING SCIENCES,1,ENGINEERING,1,Hybrid,0.11%,2020,0.454,668.8
1674-733X,Science China-Information Sciences,1,COMPUTER SCIENCE,12,Hybrid,2.69%,2017,0.9542,901.2
1674-7348,Science China-Physics Mechanics & Astronomy,1,PHYSICS,12,Hybrid,2.91%,2019,2.339,2142
1389-9457,SLEEP MEDICINE,1,CLINICAL NEUROLOGY,12,Hybrid,30.82%,2015,0.4956,262.8
0038-0938,SOLAR PHYSICS,1,ASTRONOMY & ASTROPHYSICS,1,Hybrid,38.81%,2017,3.3288,9864.8
0049-6979,WATER AIR AND SOIL POLLUTION,1,ENVIRONMENTAL SCIENCES,1,Hybrid,11.77%,2013,1.6424,8298.4
0959-3993,WORLD JOURNAL OF MICROBIOLOGY & BIOTECHNOLOGY,1,BIOTECHNOLOGY,1,Hybrid,13.47%,2016,1.4916,5505
0001-5962,ACTA MATHEMATICA,0,MATHEMATICS,4,Hybrid,87.50%,,3.2244,9688.2
0001-8708,Advances in Mathematics,0,MATHEMATICS,18,Hybrid,33.95%,,1.3596,6551
0001-8732,ADVANCES IN PHYSICS,0,PHYSICS,4,Subscription,0.00%,,22.6014,5093.2
0003-486X,Annals of Mathematics,0,MATHEMATICS,6,Hybrid,1.01%,,3.2244,9688.2
0004-6337,Astronomische Nachrichten,0,ASTRONOMY & ASTROPHYSICS,10,Hybrid,31.72%,,1.0624,1808.2
0167-6806,Breast Cancer Research and Treatment,0,ONCOLOGY,18,Hybrid,43.85%,,4.0636,16934.6
2639-1856,Cell Reports,0,CELL BIOLOGY,48,Hybrid,99.91%,,7.929,10640
2041-6520,Chemical Science,0,CHEMISTRY,48,Full OA,100%,,8.7876,15645.2
0947-6539,Chemistry ¨C A European Journal,0,CHEMISTRY,72,Hybrid,32.36%,,1.3358,14508.8
0266-3538,COMPOSITES SCIENCE AND TECHNOLOGY,0,MATERIALS SCIENCE,16,Hybrid,14.79%,,3.86,20742.8
0012-821X,Earth and Planetary Science Letters,0,GEOCHEMISTRY,24,Hybrid,45.21%,,4.5084,46951.4
0013-7952,Engineering Geology,0,ENGINEERING,12,Hybrid,18.06%,,1.9338,6536.4
0269-7491,Environmental Pollution,0,ENVIRONMENTAL SCIENCES,12,Hybrid,19.27%,,4.3426,27098.2
0013-936X,Environmental Science & Technology,0,ENVIRONMENTAL SCIENCES,24,Hybrid,21.16%,,5.5318,117407.6
1434-6060,European Physical Journal D,0,PHYSICS,1,Hybrid,21.16%,,1.327,4443.6
1878-6146,Fungal Biology,0,MYCOLOGY,12,Hybrid,28.96%,,2.1982,1058.2
1754-5048,Fungal Ecology,0,ECOLOGY,4,Hybrid,44.85%,,2.925,951.8
1342-937X,Gondwana Research,0,GEOSCIENCES,12,Hybrid,18.19%,,7.891,7215.8
0073-2753,History of Science,0,HISTORY & PHILOSOPHY OF SCIENCE,4,Hybrid,36.17%,,0.4676,344
0278-0046,IEEE Transactions on Industrial Electronics,0,INSTRUMENTS,12,Hybrid,1.69%,,6.3428,27917.4
0306-4573,Information Processing & Management,0,INFORMATION SCIENCE,6,Hybrid,14.71%,,1.3878,2172.6
0020-7403,International Journal of Mechanical Sciences,0,MECHANICS,12,Hybrid,13.79%,,2.2146,6171
0047-1178,International Relations,0,INTERNATIONAL RELATIONS,4,Hybrid,57.69%,,0.7,271.5
0020-8833,International Studies Quarterly,0,POLITICAL SCIENCE,4,Hybrid,44.14%,,1.6516,2260.8
1550-9389,Journal of Clinical Sleep Medicine,0,CLINICAL NEUROLOGY,12,Hybrid,1.45%,,3.064,3511.7
0021-9258,Journal of Biological Chemistry,0,BIOCHEMISTRY,1,Hybrid,99.97%,,4.4414,391947
0021-9797,JOURNAL OF COLLOID AND INTERFACE SCIENCE,0,CHEMISTRY,24,Hybrid,11.76%,,3.6214,52123
0301-4797,Journal of Environmental Management,0,ENVIRONMENTAL SCIENCES,24,Hybrid,23.06%,,3.2218,15227
0165-5515,Journal of Information Science,0,INFORMATION SCIENCE,6,Hybrid,14.34%,,1.1466,1114
2050-7488,Journal of Materials Chemistry A,0,ENERGY & FUELS,48,Hybrid,17%,,8.1907,42571.3
0884-2914,Journal of Materials Research,0,MATERIALS SCIENCE,24,Hybrid,16.38%,,1.6854,13976
1435-9855,Journal of the European Mathematical Society,0,MATHEMATICS,6,Full OA,100%,,1.8088,971.6
0950-7051,KNOWLEDGE-BASED SYSTEMS,0,COMPUTER SCIENCE,8,Hybrid,12.82%,,3.5926,4200.4
0921-5107,Materials Science and Engineering- B,0,PHYSICS,12,Hybrid,8.16%,,2.204,9762.6
0888-3270,MECHANICAL SYSTEMS AND SIGNAL PROCESSING,0,ENGINEERING,16,Hybrid,17.93%,,2.7042,7633.2
0035-8711,Monthly Notices of the Royal Astronomical Society,0,ASTRONOMY & ASTROPHYSICS,36,Hybrid,73.60%,,5.1534,111134.2
0027-5514,Mycologia,0,MYCOLOGY,6,Hybrid,11.17%,,2.3794,6221.6
0093-4666,Mycotaxon,0,MYCOLOGY,4,Hybrid,48.92%,,0.6634,2122.8
0031-3203,Pattern Recognition,0,COMPUTER SCIENCE,12,Hybrid,12.71%,,3.2586,17063.6
0921-4526,Physica B- Condensed Matter,0,PHYSICS,24,Hybrid,6.26%,,1.3358,14508.8
2469-9950,PHYSICAL REVIEW B,0,PHYSICS,48,Hybrid,9.24%,,3.7442,321304.8
0031-9007,PHYSICAL REVIEW LETTERS,0,PHYSICS,52,Hybrid,29.49%,,7.858,390040.6
0031-9317,Physiologia Plantarum,0,PLANT SCIENCES,6,Hybrid,31.25%,,3.3812,13109.6
0032-0889,Plant Physiology,0,PLANT SCIENCES,12,Hybrid,35.91%,,6.7052,70801.4
1674-7291,Science China-Chemistry,0,CHEMISTRY,12,Hybrid,0.93%,,2.2198,1978.4
1674-7313,Science China-Earth Sciences,0,GEOSCIENCES,12,Hybrid,2.32%,,1.546,1560.2
1674-7305,Science China-Life Sciences,0,BIOLOGY,12,Hybrid,2.46%,,2.0604,998
1674-7283,Science China-Mathematics,0,MATHEMATICS,12,Hybrid,0.54%,,0.7162,618
1674-7321,Science China-Technological Sciences,0,ENGINEERING,12,Hybrid,0.61%,,1.3304,1902.4
0048-9697,Science of The Total Environment,0,ENVIRONMENTAL SCIENCES,24,Hybrid,18.69,,3.8792,41652.2
1087-0792,Sleep Medicine Reviews,0,CLINICAL NEUROLOGY,6,Hybrid,37.02%,,8.5268,3955.8
0306-3127,Social Studies of Science,0,HISTORY & PHILOSOPHY OF SCIENCE,6,Hybrid,61.60%,,2.2414,2243.4
0040-1951,Tectonophysics,0,GEOCHEMISTRY & GEOPHYSICS,24,Hybrid,24.43%,,2.753,21364.4
0040-4020,Tetrahedron,0,CHEMISTRY,52,Hybrid,9.22%,,2.7114,53480.6
1474-1776,NATURE REVIEWS DRUG DISCOVERY,0,PHARMACOLOGY,12,Hybrid,6.48%,,43.2674,23789
0960-8524,BIORESOURCE TECHNOLOGY,0,BIOTECHNOLOGY,24,Hybrid,14.07%,,4.9702,67457.2
1061-4036,NATURE GENETICS,0,GENETICS & HEREDITY,12,Hybrid,55.14%,,4.9702,67457.2
0950-9232,ONCOGENE,0,GENETICS & HEREDITY,50,Hybrid,43.02%,,7.9652,63301.6
1740-1526,NATURE REVIEWS MICROBIOLOGY,0,MICROBIOLOGY,12,Subscription,0.00%,,24.1854,18961.2
0168-6445,FEMS MICROBIOLOGY REVIEWS,0,MICROBIOLOGY,6,Hybrid,79.11%,,13.2332,9047.8
