0957-4530,Year,Total Citations,Journal impact factor,JIF without self cites,5 Year Impact Factor,Immediacy Index,Citable items,% of articles in Citable items,Average JIF Percentile,citable_items,article_percent,CEI,post
,2025,"10,633",4.7,4.6,4.8,0.9,134,86.57,62.6,262,100.00%,8.601,1
,2024,"10,792",4.5,4.4,4.5,1,72,98.61,63.6,,,7.859,1
,2023,"11,344",4.2,4.1,4.2,0.7,56,89.29,60.9,,,6.798,1
,2022,"12,343",3.7,3.7,3.8,1.2,86,91.86,44.7,,,4.781,1
,2021,"13,257",4.727,4.672,4,0.714,147,93.88,56.978,,,7.984,1
,2020,"13,209",3.896,3.811,3.444,0.68,122,96.72,54.303,,,5.27,1
,2019,"11,066",2.489,2.428,2.832,0.619,134,97.01,42.022,,,0.482,1
,2018,"10,868",2.467,2.357,2.688,0.357,182,98.9,48.594,,,0.452,1
,2017,"10,991",2.448,2.368,2.746,0.479,192,97.4,49.155,,,0.549,1
,2016,"10,202",2.325,2.242,2.494,0.571,189,100,48.918,,,-0.163,1
,2015,"9,663",2.272,2.155,2.592,0.401,269,99.63,56.051,,,-0.004,1
,2014,"10,099",2.587,2.463,2.831,0.466,247,100,55.851,,,1.054,0
,2013,"9,377",2.379,2.218,2.741,0.258,264,99.62,54.317,,,0.251,0
,2012,"8,147",2.141,1.957,2.451,0.253,293,99.66,52.625,,,-0.924,0
,2011,"7,410",2.316,2.16,2.48,0.189,285,100,62.764,,,-0.156,0
,2010,"7,213",2.325,2.095,2.487,0.302,341,100,63.071,,,-0.226,0
,2009,"6,044",1.955,1.781,2.311,0.385,317,99.37,52.237,,,-1.857,0
,2008,"5,054",1.508,1.409,2.254,0.318,440,100,36.538,,,-3.681,0
,2007,"3,942",1.581,1.491,2.009,0.13,292,99.32,43.892,,,-3.658,0
