journal_id,Year,Total Citations,Journal impact factor,JIF without self cites,5 Year Impact Factor,Immediacy Index,Citable items,% of articles in Citable items,Average JIF Percentile,citable_items,article_percent,CEI,post,
0031-9007,2025,"541,055",9.4,8.5,9.3,2.7,"2,964",99.83,92.4,"7,561",29.49%,4.405,0,
,2024,"518,698",9,8.3,9.1,2.7,"2,479",97.7,92.5,,,3.723,0,
,2023,"471,278",8.1,7.5,8.3,2.4,"1,993",100,93.3,,,1.83,0,
,2022,"491,576",8.6,8,8.7,2.4,"2,005",99.9,90,,,2.01,0,
,2021,"515,735",9.185,8.492,9.319,2.719,"2,362",99.92,91.279,,,3.78,0,
,2020,"490,021",9.161,8.359,9.044,2.444,"2,743",100,92.442,,,3.529,0,
,2019,"443,088",8.385,7.668,8.215,2.272,"2,644",100,93.529,,,1.815,0,
,2018,"448,064",9.227,8.433,8.313,2.323,"2,781",100,93.21,,,2.717,0,
,2017,"432,843",8.839,8.153,7.888,2.297,"2,487",100,92.949,,,1.724,0,
,2016,"427,669",8.462,7.844,7.805,2.923,"2,333",100,93.038,,,1.258,0,
,2015,"394,146",7.645,7.057,7.326,2.212,"2,500",100,93.038,,,-0.362,0,
,2014,"387,635",7.512,6.9,7.36,2.531,"2,707",100,92.949,,,-0.559,0,
,2013,"378,568",7.728,6.956,7.411,2.143,"3,555",100,92.949,,,-0.436,0,
,2012,"362,185",7.943,7.091,7.435,2.176,"3,789",100,94.578,,,0.098,0,
,2011,"335,444",7.37,6.709,7.013,2.147,"3,229",100,94.643,,,-1.047,0,
,2010,"335,522",7.622,6.978,7.155,1.836,"3,118",100,94.375,,,-0.7,0,
,2009,"332,130",7.328,6.621,7.104,2.104,"3,414",100,92.254,,,-1.721,0,
,2008,"310,717",7.18,6.387,7.134,1.974,"3,905",100,93.382,,,-1.751,0,
,2007,"282,787",6.944,6.184,6.906,1.645,"3,545",100,93.478,,,-2.422,0,
