journal_id,Year,Total Citations,Journal impact factor,JIF without self cites,5 Year Impact Factor,Immediacy Index,Citable items,% of articles in Citable items,Average JIF Percentile,citable_items,article_percent,CEI,post
0035-8711,2025,"268,946",5.2,4.1,4.9,1.8,"2,075",100,77.3,"9,241",31.72%,2.882,0
,2024,"250,099",4.8,3.4,4.7,1.8,"2,875",100,76.8,,,1.432,0
,2023,"228,041",4.8,2.7,4.7,1.9,"4,372",99.98,82.7,,,1.201,0
,2022,"213,986",4.8,3,4.7,1.6,"3,526",100,76.1,,,0.533,0
,2021,"211,908",5.235,3.015,4.997,1.74,"3,997",99.95,76.087,,,1.294,0
,2020,"191,209",5.287,3.025,4.957,1.911,"3,948",99.97,77.206,,,1.091,0
,2019,"179,962",5.357,2.896,5.001,2.044,"4,001",100,83.088,,,1.547,0
,2018,"166,152",5.231,2.861,4.986,2.068,"3,850",100,78.986,,,0.77,0
,2017,"148,251",5.194,2.841,4.893,1.916,"3,444",99.97,82.576,,,0.689,0
,2016,"128,369",4.961,2.784,4.62,1.704,"3,209",100,83.333,,,-0.153,0
,2015,"120,400",4.952,2.706,4.729,1.782,"3,080",99.97,79.839,,,-0.539,0
,2014,"109,141",5.107,2.946,4.734,1.657,"2,790",99.96,80.833,,,-0.299,0
,2013,"101,678",5.226,3.098,4.79,1.723,"2,669",100,82.203,,,0.015,0
,2012,"96,083",5.521,3.417,5.009,1.794,"2,574",93.47,84.821,,,0.977,0
,2011,"79,730",4.9,2.92,4.585,1.618,"2,348",97.36,84.821,,,-0.741,0
,2010,"74,753",4.888,3.152,4.747,1.694,"1,922",95.84,84.545,,,-0.464,0
,2009,"70,989",5.103,3.43,4.992,1.307,"1,693",93.68,85.849,,,0.332,0
,2008,"61,524",5.185,3.527,4.861,1.403,"1,567",94.26,86.458,,,0.208,0
