期刊名称,CAP采用年份
CELESTIAL MECHANICS & DYNAMICAL ASTRONOMY,2018
Naturwissenschaften,2015
Sleep Medicine,2015
Breast,2016
Journal of Astrophysics and Astronomy,2016
Microbiology,2017
Journal of General Virology,2017
Journal of Medical Microbiology,2017
Journal of Cell Science,2018
Journal of Chemical Sciences,2019
Pramana-Journal of Physics,2019
SADHANA-ACADEMY PROCEEDINGS IN ENGINEERING SCIENCES,2020
Building and Environment,2012
WATER AIR AND SOIL POLLUTION,2013
NATURWISSENSCHAFTEN,2015
Acta Physiologiae Plantarum,2015
Mycological Progress,2015
JOURNAL OF MATERIALS SCIENCE-MATERIALS IN MEDICINE,2015
WORLD JOURNAL OF MICROBIOLOGY & BIOTECHNOLOGY,2016
Solar Physics,2017
SADHANA-ACADEMY PROCEEDINGS IN ENGINEERING SCIENCES,2017
Bulletin of Engineering Geology and the Environment,2019
Journal of Genetics,2019
History and Philosophy of the Life Sciences,2016
Journal of International Relations and Development,2016
Science China-Information Sciences,2017
Science China-Physics Mechanics & Astronomy,2019
